Ref,Val,Package,PosX,PosY,Rot,Side
"10K1","R 1206","R_1206_3216Metric",123.190000,-105.410000,90.000000,top
"U1","LM555","SOP-8_3.9x4.9mm_P1.27mm",106.680000,-104.140000,270.000000,top
